stop,venue
1,97b41b7510
2,dafc82a0b8
3,9bb265443a
4,a3ddce4850
5,f13b062881
6,89028f1d15
7,d5915cbf78
8,4d58801424
9,ba76446f44
10,24b3b8ee93
11,8a86891e5a
12,097b1ad726
13,a79f1bc36e
14,2c33e568f7
15,56221ccda7
16,2d38503edb
17,8911253ba7
18,b59c881fc2
19,d34c5aa107
20,ad188bc8ee
21,a2c48e6977
22,8acde61c57
23,47962580e7
24,42f08d5ef5
25,73f63fcebb
26,aaed1297aa
27,d79322a184
28,3a3ddefa8f
29,164bec2828
30,922dc711cc
31,56132e83a4
32,9109fc65f3
33,9f566dd82a
34,e7101be098
35,61c56dc3e2
36,7e9f5bc1d8
