station,tide_cm
c04ea84e75,90
a462e36ed6,93
d8fde1a134,96
fc8262c83d,99
bc6890f5a6,102
6c91cf0e6a,105
eef4c7be02,108
5255073ff2,111
9a39870c7d,114
81f3feebde,117
f3f5b6c539,120
3ac4d4e232,123
02009fa978,126
c9a630f93c,129
9fb445ee42,132
43dc45ba86,135
cca1c3a7e2,138
a94768d81d,141
93865d9ae5,144
e9fc787071,147
bbc253d453,150
06e7ff8eb1,153
c91969730b,156
b4fc68cb9f,159
9e0b7eb1be,162
a914fb1d61,165
df8498b157,168
f5da8eee92,171
63b4f5e31e,174
a2126482e2,177
e75802f8e4,180
47beea1bc0,183
6fe21a6dfe,186
f3c8c4a6b8,189
8b35fe6f13,192
1e9ca31517,195
c04ea84e75,198
a462e36ed6,201
d8fde1a134,204
fc8262c83d,207
bc6890f5a6,210
6c91cf0e6a,213
eef4c7be02,216
5255073ff2,219
9a39870c7d,222
81f3feebde,225
f3f5b6c539,228
3ac4d4e232,231
02009fa978,234
c9a630f93c,237
9fb445ee42,240
43dc45ba86,243
cca1c3a7e2,246
a94768d81d,249
93865d9ae5,252
e9fc787071,255
bbc253d453,258
06e7ff8eb1,261
c91969730b,264
b4fc68cb9f,267
